"历史定格。 //@但斌: //@Arno小雄://@股道热肠也:宁拆十座桥，不破一场婚，恶政猛于虎，你做到了！",

"昨晚新周刊采访，直觉是当地年轻人无法充分就业。果然，记者说，当地的茶叶生产链条相当坏了。很担心，如果制造业继续坏下去，失业增加，情况可能更糟。 //@苏渝:诈骗之乡及诈骗医院，还在行骗，谁种下了诈骗的种子？ //@竹直先生:为何会烂透？ //@章诒和:没治了",

"[最右]//@死磕大人萌且炫酷纯纯哒: 哈哈哈，有没有配乾坤圈的组合套餐？",


"#锁骨会上瘾# Choker 真的是太有气质了~",

"//@茶杯sama:考试过关 //@photoshop资源库:转运！ //@Kaylin狮子:🙏🙏🙏🙏 //@Illustrator资源库:转转运！ //@Lightroom资源库:转运！ //@UI资源库:转运！ //@Sai资源库:顺顺利利！ //@Adobe资源库:转！运！9！月！",


"不管多大，我都是需要抱抱的宝宝[doge] via Daily Mail （最后一张不动戳大）",

"去TJMAxx淘便宜好看的家居小物啦！",


"惊悚片《紧闭》发布预告，本片由娜奥米·沃茨与《房间》的小正太雅各布·特伦布莱共同出演，讲述一位母亲从她患有紧张症的儿子身上发现了一个惊天秘密的故事。北美11月11日上映 http://t.cn/Rc7rUsK .",

"早安，九月",

"已被萌翻[亲亲]"
